Day,Priority Actions,Templates to Use,Expected Signups
1,"Email waitlist, Personal outreach (10), Reddit (3 posts), Twitter (2), LinkedIn (1)","Waitlist template, Message 5, Reddit Post 1-2, Tweet 1 & 3, LinkedIn Post 1",10
2,"Personal outreach (15), Reddit (2 posts), Twitter (2), LinkedIn comments, Join FB groups","Message 2, Reddit Post 3-4, Tweet 2 & 4, Engage on LinkedIn",15
3,"Personal outreach (15), Reddit (2 posts), Twitter (2), LinkedIn post, DM influencers","Message 3, Reddit Post 2, Tweet 6 & 8, LinkedIn Post 2",10
4,"Write blog post, Share on all platforms, Follow up emails, Plan videos","Blog: 10 Signs, Tweet blog, Share on LinkedIn & Reddit",8
5,"Email influencers (20), Twitter, LinkedIn comments, Reddit engagement, FB posts","Personalized pitches, Building in public tweets",7
6,"Create & post videos (3), Share on TikTok/YouTube/Instagram, Tweet, LinkedIn","Video Scripts 1-3, Video promotion tweets",10
7,"Week 1 analysis, Re-engagement email, Best subreddit post, Plan Week 2","Inactive user email, Best-performing templates",5
8,"Double down on what works, 20 new contacts, 3 Reddit posts, 3 tweets","Best-converting persona messages, Top templates",8
9,"Write blog post, Share everywhere, Email contacts, Tweet insights","Blog: Founder Loneliness, Share on all platforms",6
10,"Email universities (5), Email accelerators (5), Partnership posts","Partnership outreach templates, LinkedIn post",5
11,"Request testimonials (10 users), Create testimonial content, Share stories","Testimonial request emails, User story tweets",4
12,"Launch referral program, Email all users, Post on all platforms","Referral program announcement, Invite 3 friends",5
13,"Write blog post, Create 3 videos, Share on all platforms","Blog: Single Parent Support, New video content",4
14,"Final push, Email all prospects, Post everywhere, Celebrate 100 users!","Best-performing messages, Social proof tweets",3+

QUICK TIPS
"Always respond to comments within 2 hours"
"Track everything in this spreadsheet"
"Adjust based on what's working"
"Be authentic, not salesy"
"Celebrate small wins"